metric,bm25,bm25_llm_rerank,delta
mrr@10,0.5333333333333333,0.6666666666666667,0.13333333333333341
ndcg@10,0.24956543535604608,0.273442915871485,0.02387748051543892
precision@10,0.16,0.16,0.0
