query_id,metric,original_query_value,refined_query_value,delta
1063750,mrr@10,0.0,0.3333333333333333,0.3333333333333333
1063750,ndcg@10,0.0,0.2504484338387657,0.2504484338387657
1063750,precision@10,0.0,0.4,0.4
