metric,bm25,bm25_llm_rerank,bm25_agent
mrr@10,0.5333333333333333,0.6666666666666667,0.7333333333333333
ndcg@10,0.24956543535604608,0.273442915871485,0.32353260263923816
precision@10,0.16,0.16,0.24000000000000005
