iteration,metric,value
1,precision@10,0.16
1,mrr@10,0.6666666666666667
1,ndcg@10,0.26692118167894174
2,precision@10,0.24000000000000005
2,mrr@10,0.7333333333333333
2,ndcg@10,0.3170108684466949
3,precision@10,0.4
3,mrr@10,0.3333333333333333
3,ndcg@10,0.2504484338387657
